-- phpMyAdmin SQL Dump
-- version 3.5.7
-- http://www.phpmyadmin.net
--
-- Хост: 127.0.0.1:3306
-- Время создания: Сен 08 2014 г., 17:36
-- Версия сервера: 5.6.10-log
-- Версия PHP: 5.3.23

SET SQL_MODE="NO_AUTO_VALUE_ON_ZERO";
SET time_zone = "+00:00";


/*!40101 SET @OLD_CHARACTER_SET_CLIENT=@@CHARACTER_SET_CLIENT */;
/*!40101 SET @OLD_CHARACTER_SET_RESULTS=@@CHARACTER_SET_RESULTS */;
/*!40101 SET @OLD_COLLATION_CONNECTION=@@COLLATION_CONNECTION */;
/*!40101 SET NAMES utf8 */;

--
-- База данных: `blog.ci`
--

-- --------------------------------------------------------

--
-- Структура таблицы `articles`
--

CREATE TABLE IF NOT EXISTS `articles` (
  `article_id` int(11) unsigned NOT NULL AUTO_INCREMENT,
  `article_title` varchar(255) DEFAULT NULL,
  `article_text` text,
  PRIMARY KEY (`article_id`)
) ENGINE=InnoDB  DEFAULT CHARSET=utf8 AUTO_INCREMENT=4 ;

--
-- Дамп данных таблицы `articles`
--

INSERT INTO `articles` (`article_id`, `article_title`, `article_text`) VALUES
(1, 'Ты умеешь достигать целей!', 'Проводятся плановые работы по обслуживанию сервера. Никуда не уходите. Скоро все будет так-же работать, а может даже лучше.'),
(2, 'Огни большого города', 'Проводятся плановые работы по обслуживанию сервера. Никуда не уходите. Скоро все будет так-же работать, а может даже лучше.'),
(3, 'Посмотреть на небо', 'Проводятся плановые работы по обслуживанию сервера. Никуда не уходите. Скоро все будет так-же работать, а может даже лучше.');

-- --------------------------------------------------------

--
-- Структура таблицы `cabinet`
--

CREATE TABLE IF NOT EXISTS `cabinet` (
  `id` int(10) NOT NULL AUTO_INCREMENT,
  `number` varchar(35) NOT NULL,
  `flor_id` int(10) NOT NULL,
  `wplace_id` int(10) NOT NULL,
  `organisation` varchar(100) NOT NULL,
  `net_device` varchar(200) NOT NULL,
  PRIMARY KEY (`id`)
) ENGINE=InnoDB  DEFAULT CHARSET=utf8 AUTO_INCREMENT=48 ;

--
-- Дамп данных таблицы `cabinet`
--

INSERT INTO `cabinet` (`id`, `number`, `flor_id`, `wplace_id`, `organisation`, `net_device`) VALUES
(1, '101', 1, 0, 'Завхозы', ''),
(2, '104', 1, 0, 'Елизавет Эстэйт', ''),
(3, '105', 1, 0, 'Эльдорадо', ''),
(4, '107', 1, 0, 'СТОВ "НАДІЯ"', ''),
(5, '108', 1, 0, 'Формула Агро (СХ)', ''),
(6, '109', 1, 0, 'Мукомольный Департамент', ''),
(7, '110', 1, 0, '', ''),
(8, '111', 1, 0, '', ''),
(9, '201', 1, 0, 'Маркетинг', ''),
(10, '204', 2, 0, 'Аналитики', ''),
(11, '205', 2, 0, 'Сакура', ''),
(12, '206', 2, 0, '', ''),
(13, '207', 2, 0, 'Юристы', ''),
(14, '210', 2, 0, '', ''),
(15, '211', 2, 0, 'бухгалтерия', ''),
(16, '213', 2, 0, 'СБО', ''),
(17, '301', 3, 0, '', ''),
(18, '302', 3, 0, '', ''),
(19, '302', 3, 0, '', ''),
(20, '303', 3, 0, '', ''),
(21, '304', 3, 0, '', ''),
(22, '305', 3, 0, '', ''),
(23, '306', 3, 0, '', ''),
(24, '308', 3, 0, '', ''),
(26, '311', 3, 0, '', ''),
(27, '402', 4, 0, '', ''),
(28, '403', 4, 0, '', ''),
(29, '404', 4, 0, '', ''),
(31, '406', 4, 0, '', ''),
(32, '407', 4, 0, '', ''),
(33, '408', 4, 0, '', ''),
(34, '409', 4, 0, '', ''),
(35, '410', 4, 0, '', ''),
(37, '309', 3, 0, '', ''),
(38, '401', 0, 0, '', ''),
(39, '402', 0, 0, '', ''),
(40, '403', 0, 0, '', ''),
(41, '404', 0, 0, '', ''),
(42, '405', 0, 0, '', ''),
(43, '406', 0, 0, '', ''),
(44, '407', 0, 0, '', ''),
(45, '408', 0, 0, '', ''),
(46, '409', 0, 0, '', ''),
(47, '410', 0, 0, '', '');

-- --------------------------------------------------------

--
-- Структура таблицы `comments`
--

CREATE TABLE IF NOT EXISTS `comments` (
  `comment_id` int(11) unsigned NOT NULL AUTO_INCREMENT,
  `comment_user_name` varchar(255) DEFAULT NULL,
  `comment_text` text,
  `article_id` int(11) unsigned NOT NULL,
  PRIMARY KEY (`comment_id`),
  KEY `fk_comments_articles_idx` (`article_id`)
) ENGINE=InnoDB  DEFAULT CHARSET=utf8 AUTO_INCREMENT=10 ;

--
-- Дамп данных таблицы `comments`
--

INSERT INTO `comments` (`comment_id`, `comment_user_name`, `comment_text`, `article_id`) VALUES
(4, 'Полуночник', 'Хорошо гулять по свету с карамелькой за щекой :)', 2),
(5, 'Фунтик', '... И еще одну для друг взять с собою прозапас :)', 2),
(6, 'Карина Атамогланова', 'Джатага о кшатри и харикеши', 2),
(8, '1221', '23132132', 1),
(9, '555', '', 1);

-- --------------------------------------------------------

--
-- Структура таблицы `fabric`
--

CREATE TABLE IF NOT EXISTS `fabric` (
  `id` int(11) NOT NULL AUTO_INCREMENT,
  `name` varchar(80) NOT NULL,
  `city` varchar(80) NOT NULL,
  `postal_code` varchar(80) NOT NULL,
  `street` varchar(80) NOT NULL,
  `street_number` varchar(10) NOT NULL,
  `phone` varchar(20) NOT NULL,
  `email` varchar(35) NOT NULL,
  `admin_phone` varchar(20) NOT NULL,
  `skype` varchar(35) NOT NULL,
  `admin_name` varchar(35) NOT NULL,
  PRIMARY KEY (`id`)
) ENGINE=InnoDB  DEFAULT CHARSET=utf8 AUTO_INCREMENT=10 ;

--
-- Дамп данных таблицы `fabric`
--

INSERT INTO `fabric` (`id`, `name`, `city`, `postal_code`, `street`, `street_number`, `phone`, `email`, `admin_phone`, `skype`, `admin_name`) VALUES
(1, 'ТОВ Кировоград Хлеб (Паляныця)', 'Кировоград', '25001', 'Б.Пермская', '9а', '', '', '', '', ''),
(2, 'ПАТ Кировоградский Х/З', 'Кировоград', '25014', 'Аэрофлотская', '20', '', '', '', '', ''),
(3, 'ПАТ Черкассы Хлеб', 'Черкассы', '1800', 'Чигиринская', '7', '', '', '', '', ''),
(4, 'ТОВ ЧеркассыХлеб (№3)', 'Черкассы', '1800', 'Ильина', '248', '', '', '', '', ''),
(5, 'ТОВ ЧеркассыХлеб (№4)', 'Черкассы', '1800', 'Ильина', '248', '', '', '', '', ''),
(6, 'ПАТ КриворожХлеб', 'Кривой Рог', '50085', 'Г.Отса', '6', '', '', '', '', ''),
(7, 'ПАТ КриворожХлеб', 'Кривой Рог', '50085', 'Щепкина', '', '', '', '', '', ''),
(8, 'ТОВ Николаевский Х/З №1', 'Николаев', '54028', 'Гмырева', '2а', '', '', '', '', ''),
(9, 'ТОВ Торговый Дом ХмельницкХлеб', 'Хмельницкий', '29000', 'Тернопольская', '8', '', '', '', '', '');

-- --------------------------------------------------------

--
-- Структура таблицы `flor`
--

CREATE TABLE IF NOT EXISTS `flor` (
  `id` int(10) NOT NULL AUTO_INCREMENT,
  `name` varchar(50) NOT NULL,
  PRIMARY KEY (`id`)
) ENGINE=InnoDB DEFAULT CHARSET=utf8 AUTO_INCREMENT=1 ;

-- --------------------------------------------------------

--
-- Структура таблицы `groups`
--

CREATE TABLE IF NOT EXISTS `groups` (
  `id` mediumint(8) unsigned NOT NULL AUTO_INCREMENT,
  `name` varchar(20) NOT NULL,
  `description` varchar(100) NOT NULL,
  PRIMARY KEY (`id`)
) ENGINE=InnoDB  DEFAULT CHARSET=utf8 AUTO_INCREMENT=5 ;

--
-- Дамп данных таблицы `groups`
--

INSERT INTO `groups` (`id`, `name`, `description`) VALUES
(1, 'admin', 'Administrator'),
(2, 'members', 'General User'),
(3, 'director', 'Директор'),
(4, 'subordinate', 'Подчиненный');

-- --------------------------------------------------------

--
-- Структура таблицы `login_attempts`
--

CREATE TABLE IF NOT EXISTS `login_attempts` (
  `id` int(11) unsigned NOT NULL AUTO_INCREMENT,
  `ip_address` varchar(15) NOT NULL,
  `login` varchar(100) NOT NULL,
  `time` int(11) unsigned DEFAULT NULL,
  PRIMARY KEY (`id`)
) ENGINE=InnoDB DEFAULT CHARSET=utf8 AUTO_INCREMENT=1 ;

-- --------------------------------------------------------

--
-- Структура таблицы `muka`
--

CREATE TABLE IF NOT EXISTS `muka` (
  `id` int(61) NOT NULL AUTO_INCREMENT,
  `name` varchar(150) NOT NULL,
  `balance_month` varchar(80) NOT NULL,
  `add_2_month_balance` varchar(80) NOT NULL,
  `add_day` varchar(80) NOT NULL,
  `conversion_month` varchar(80) NOT NULL,
  `conversion_day` varchar(80) NOT NULL,
  `work_days` varchar(20) NOT NULL,
  `date` date NOT NULL,
  `fabric_id` int(11) NOT NULL,
  PRIMARY KEY (`id`)
) ENGINE=InnoDB  DEFAULT CHARSET=utf8 COMMENT='Учет муки на Хлеб Заводах' AUTO_INCREMENT=22 ;

--
-- Дамп данных таблицы `muka`
--

INSERT INTO `muka` (`id`, `name`, `balance_month`, `add_2_month_balance`, `add_day`, `conversion_month`, `conversion_day`, `work_days`, `date`, `fabric_id`) VALUES
(1, 'Мука высший сорт', '450', '200', '50', '350', '150', '23', '2014-07-29', 1),
(2, 'Мука первый сорт', '450', '', '', '350', '', '23', '2014-07-29', 1),
(3, 'Мука второй сорт', '450', '', '', '350', '', '23', '2014-07-29', 1),
(4, 'Мука ржаная', '450', '', '', '350', '', '23', '2014-07-29', 1),
(5, 'Мука овсяная', '450', '', '', '350', '', '23', '2014-07-29', 1),
(7, 'Мука высший сорт', '500', '', '', '350', '', '23', '2014-07-29', 2),
(8, 'Мука первый сорт', '500', '', '', '350', '', '23', '2014-07-29', 2),
(9, 'Мука второй сорт', '500', '', '', '350', '', '23', '2014-07-29', 2),
(10, 'Мука ржаная', '500', '', '', '350', '', '23', '2014-07-29', 2),
(11, 'Мука овсяная', '500', '', '', '350', '', '23', '2014-07-29', 2),
(12, 'Мука высший сорт', '500', '', '', '350', '', '23', '2014-07-29', 4),
(13, 'Мука первый сорт', '500', '', '', '350', '', '23', '2014-07-29', 4),
(14, 'Мука второй сорт', '500', '', '', '350', '', '23', '2014-07-29', 4),
(15, 'Мука ржаная', '500', '', '', '350', '', '23', '2014-07-29', 4),
(16, 'Мука овсяная', '500', '', '', '350', '', '23', '2014-07-29', 4),
(17, 'Мука высший сорт', '500', '', '', '350', '', '23', '2014-07-29', 3),
(18, 'Мука первый сорт', '500', '', '', '350', '', '23', '2014-07-29', 3),
(19, 'Мука второй сорт', '500', '', '', '350', '', '23', '2014-07-29', 3),
(20, 'Мука ржаная', '500', '', '', '350', '', '23', '2014-07-29', 3),
(21, 'Мука овсяная', '500', '', '', '350', '', '23', '2014-07-29', 3);

-- --------------------------------------------------------

--
-- Структура таблицы `nzp`
--

CREATE TABLE IF NOT EXISTS `nzp` (
  `id` int(11) NOT NULL AUTO_INCREMENT,
  `fabric_id` int(11) NOT NULL,
  `name` varchar(50) NOT NULL,
  `balance_m` varchar(50) NOT NULL,
  `balance_d` varchar(50) NOT NULL,
  `date` date NOT NULL,
  `work_days` varchar(20) NOT NULL,
  PRIMARY KEY (`id`)
) ENGINE=InnoDB DEFAULT CHARSET=utf8 AUTO_INCREMENT=1 ;

-- --------------------------------------------------------

--
-- Структура таблицы `production`
--

CREATE TABLE IF NOT EXISTS `production` (
  `id` int(11) NOT NULL AUTO_INCREMENT,
  `fabric_id` int(11) NOT NULL,
  `name` varchar(80) NOT NULL,
  `balance_m` varchar(50) NOT NULL,
  `conversion_m` varchar(50) NOT NULL,
  `conversion_d` varchar(50) NOT NULL,
  `otg_m` varchar(50) NOT NULL,
  `otg_na_storonu` varchar(50) NOT NULL,
  `otg_our` varchar(50) NOT NULL,
  `otg_others` varchar(50) NOT NULL,
  `otg_last_day` varchar(50) NOT NULL,
  `prod_return_defect` varchar(50) NOT NULL,
  `day_prod_return` varchar(50) NOT NULL,
  `date` date NOT NULL,
  `work_days` varchar(50) NOT NULL,
  PRIMARY KEY (`id`)
) ENGINE=InnoDB DEFAULT CHARSET=utf8 COMMENT='Движение готовой продукции по Х/З' AUTO_INCREMENT=1 ;

-- --------------------------------------------------------

--
-- Структура таблицы `technics`
--

CREATE TABLE IF NOT EXISTS `technics` (
  `id` int(10) NOT NULL AUTO_INCREMENT,
  `cab_id` int(10) NOT NULL,
  `name` varchar(200) NOT NULL,
  `inv_number` varchar(200) NOT NULL,
  `inv_date` date NOT NULL,
  `organisation` varchar(200) NOT NULL,
  `user_id` int(10) NOT NULL,
  `other` text NOT NULL,
  PRIMARY KEY (`id`)
) ENGINE=InnoDB  DEFAULT CHARSET=utf8 AUTO_INCREMENT=185 ;

--
-- Дамп данных таблицы `technics`
--

INSERT INTO `technics` (`id`, `cab_id`, `name`, `inv_number`, `inv_date`, `organisation`, `user_id`, `other`) VALUES
(1, 1, 'Монитор LG W1934SI', '101134', '2014-06-03', 'Пивнев И.А.', 0, ''),
(2, 1, 'Системный Блок ', '101135', '2014-06-03', 'Пивнев И.А.', 0, '<p>\n	CPU Intel G2020 &nbsp;2.9GHz</p>\n<p>\n	DDR3 4.0Gb</p>\n'),
(3, 1, 'Монитор Samsung 760BF', '101260', '2014-06-03', 'Шостак Г.Г.', 0, ''),
(4, 1, 'Системный Блок', '101261', '2014-06-03', 'Шостак Г.Г.', 0, '<p>\n	CPU Atlonx64 3500 2.2GHz</p>\n<p>\n	DDR2 768</p>\n'),
(5, 2, 'Монитор LG W1941S', '104141', '2014-06-03', 'Ляшецкая', 0, ''),
(6, 2, 'Системный блок', '104142', '2014-06-03', 'Ляшецкая', 0, '<p>\n	Celeron G1610</p>\n<p>\n	DDR 2Gb</p>\n'),
(7, 2, 'Samsung 920NW', '104220', '2014-06-03', 'Романенко А.И.', 0, ''),
(8, 2, 'Системный Блок', '104221', '2014-06-03', 'Романенко А.И.', 0, '<div>\n	&nbsp;</div>\n<div>\n	<p style="color: rgb(68, 68, 68); font-family: ''Helvetica Neue'', Helvetica, Arial, sans-serif; font-size: 14px; background-color: rgb(237, 237, 237);">\n		Celeron G1610</p>\n	<p style="color: rgb(68, 68, 68); font-family: ''Helvetica Neue'', Helvetica, Arial, sans-serif; font-size: 14px; background-color: rgb(237, 237, 237);">\n		DDR 2Gb</p>\n</div>\n<p>\n	&nbsp;</p>\n'),
(9, 2, 'HP 1010', '104222', '2014-06-03', 'Романенко А.И.', 0, '<p>\n	12a</p>\n'),
(10, 3, 'монитор Phillips 196W', '105196', '2014-06-03', 'Розаренова С.А.', 0, ''),
(11, 3, 'Системный Блок 051589621', '105197', '2014-06-03', 'Розаренова С.А.', 0, '<p>\n	Celeron 430</p>\n<p>\n	DDR 2Gb</p>\n'),
(12, 3, 'Ноутбук ', '105105', '2014-06-03', 'Вакуленко Н.С.', 0, ''),
(13, 3, 'Samsung SCX-3405', '105106', '2014-06-03', 'Вакуленко Н.С.', 0, ''),
(14, 4, 'Монитор Phillips 190w', '107190', '2014-06-03', 'Подопригора О.С.', 0, ''),
(15, 4, 'Системный блок', '107191', '2014-06-03', 'Подопригора О.С.', 0, '<p>\n	Celeron G1610</p>\n<p>\n	DDR 2Gb</p>\n'),
(16, 4, 'Монитор LG W1941S', '107141', '2014-06-03', 'Федорович И.И.', 0, ''),
(17, 4, 'Системный Блок', '107142', '2014-06-03', 'Федорович И.И.', 0, '<p>\n	Celeron G1610</p>\n<p>\n	&nbsp;</p>\n<p>\n	DDR 2Gb</p>\n'),
(18, 4, 'Принтер HP 1005', '107143', '2014-06-03', 'Федорович И.И.', 0, '<p>\n	35а</p>\n'),
(19, 5, 'ноутбук Acer Aspire 5733', '1081162', '2014-06-03', 'Садовенко Е.Г.', 0, ''),
(20, 5, 'Принтер HP 1102', '108163', '2014-06-03', 'Садовенко Е.Г. ', 0, '<p>\n	85а</p>\n'),
(21, 6, 'монитор Samsung E1920N', '109120', '2014-06-03', 'Полевой В.Н.', 0, ''),
(22, 6, 'Системный Блок', '109121', '2014-06-03', 'Полевой В.Н.', 0, '<p>\n	Celeron E3400</p>\n<p>\n	DDR 2Gb</p>\n'),
(23, 7, 'ноутбук Asus X54C', '111154', '2014-06-03', 'Усиков А.А.', 0, ''),
(24, 7, 'HP 1102', '111155', '2014-06-03', 'Усиков А.А.', 0, '<p>\n	85a</p>\n'),
(25, 7, 'Acer Aspire  5349', '111143', '2014-06-03', 'Корпусенко С. В.', 0, ''),
(26, 7, 'сканер epson v33', '111154', '2014-06-03', 'Корпусенко С.В.', 0, ''),
(27, 8, 'монитор Philips 196w', '111196', '2014-06-03', 'Лебедь В.Б.', 0, ''),
(28, 8, 'Системный блок', '111197', '2014-06-03', 'Лебедь В.Б.', 0, '<p>\n	DDR3 4Gb</p>\n<p>\n	Intel G2030</p>\n'),
(29, 8, 'Монитор LG W1934S', '111234', '2014-06-03', 'Правда Е.Г.', 0, ''),
(30, 8, 'Системный Блок', '111235', '2014-06-03', 'Правда Е.Г.', 0, '<p>\n	Celeron 430</p>\n<p>\n	DDR 2Gb</p>\n'),
(31, 8, 'HP1132', '111236', '2014-06-03', 'Правда Е.Г.', 0, ''),
(32, 8, 'монитор Samsung 932GW', '113132', '2014-06-03', 'Гаваза Л.Б.', 0, ''),
(33, 8, 'Системный Блок ', '111333', '2014-06-03', 'Гаваза Л.Б.', 0, '<p>\n	Athlon 5600</p>\n<p>\n	DDR 1Gb</p>\n'),
(34, 8, 'HP 1020', '111334', '2014-06-03', 'Гаваза Л.Б.', 0, ''),
(35, 9, 'acer Aspire 5720', '201120', '2014-06-03', 'Ануфрева О Г', 0, ''),
(36, 9, 'Acer Aspire X550C', '201250', '2014-06-03', 'Савранский Д.А.', 0, ''),
(37, 9, 'Монитор LG W1941S', '201341', '2014-06-03', 'Погребняк А.М.', 0, ''),
(38, 9, 'Системный блок ', '201342', '2014-06-03', 'Погребняк А.М.', 0, '<p>\n	Celeron G440</p>\n<p>\n	DDR 2Gb</p>\n'),
(39, 9, 'Монитор Samsung Т220', '201420', '2014-06-03', 'Горщарик Л.О. ', 0, ''),
(40, 9, 'Системный блок', '201421', '2014-06-03', 'Горщарик Л.О. ', 0, '<p>\n	core i-3 2100</p>\n<p>\n	DDR3 4Gb</p>\n'),
(41, 9, 'монитор Asus VH203', '201523', '2014-06-03', 'Пономаренко М.В.', 0, ''),
(42, 9, 'системный блок', '201524', '2014-06-03', 'Пономаренко М.В.', 0, '<p>\n	Celeron 430</p>\n<p>\n	ddr 1Gb</p>\n'),
(43, 9, 'Монитор LG W1934S', '201634', '2014-06-03', 'Похлова М.Н.', 0, ''),
(44, 9, 'Системный блок ', '201635', '2014-06-03', 'Похлова М.Н.', 0, '<p>\n	Celeron 450</p>\n<p>\n	DDR 1Gb</p>\n'),
(45, 9, 'Монитор LG E2040', '201740', '2014-06-03', 'Нобачова Л.В.', 0, ''),
(46, 9, 'Системный блок ', '201741', '2014-06-03', 'Нобачова Л.В.', 0, '<p>\n	Celeron E1500</p>\n<p>\n	DDR 1Gb</p>\n'),
(47, 9, 'ноутбук Dell Vostro ', '201825', '2014-06-03', 'Добровольская М.В.', 0, ''),
(48, 10, 'Монитор Philips 1941', '204119', '2014-06-03', 'Хворостовский ', 0, ''),
(49, 10, 'Системный юлок', '204120', '2014-06-03', 'Хворостовский ', 0, ''),
(50, 10, 'Монитор LG W1941S', '204219', '2014-06-03', 'Лысенко В.В.', 0, ''),
(51, 10, 'Системный Блок', '204220', '2014-06-03', 'Лысенко В.В.', 0, ''),
(52, 10, 'монитор Samsung E1920', '204320', '2014-06-03', 'Сергиенко ', 0, ''),
(53, 10, 'Системный блок', '204321', '2014-06-03', 'Сергиенко', 0, ''),
(54, 10, 'монитор LG W2043SE', '204443', '2014-06-03', 'Цыс С.', 0, ''),
(55, 10, 'Acer Aspire E1-531', '204444', '2014-06-03', 'Цыс С.', 0, ''),
(56, 10, 'Монитор LG W1942S', '204524', '2014-06-03', 'Демченко М.Л.', 0, ''),
(57, 10, 'Системный блок', '204525', '2014-06-03', 'Демченко М.Л.', 0, ''),
(58, 10, 'Монитор Philips 231E', '204631', '2014-06-03', 'Нижниченко Н.Г', 0, ''),
(59, 10, 'Системный Блок', '204632', '2014-06-03', 'Нижниченко Н.Г', 0, ''),
(60, 10, 'HP M1319', '204527', '2014-06-03', 'Демченко М.Л.', 0, ''),
(61, 11, 'Монитор LG L1753S', '205135', '2014-06-03', 'Новоторова Т.А.', 0, ''),
(62, 11, 'Системный блок', '205136', '2014-06-03', 'Новоторова Т.А.', 0, ''),
(63, 11, 'HP 1132', '205137', '2014-06-03', 'Новоторова Т.А.', 0, ''),
(64, 12, 'Asus R509C', '206150', '2014-06-03', 'Ромадин В.И.', 0, ''),
(65, 12, 'HP 1132', '206151', '2014-06-03', 'Ромадин В.И.', 0, ''),
(66, 13, 'Монитор LG W1943SS', '207119', '2014-06-03', 'Гапонова Л.Л.', 0, ''),
(67, 13, 'Системный блок', '207120', '2014-06-03', 'Гапонова Л.Л.', 0, ''),
(68, 13, 'HP 1536', '207121', '2014-06-03', 'Гапонова Л.Л.', 0, ''),
(69, 13, 'Asus X54C', '', '2014-06-03', 'Порокинный И.А.', 0, '<p>\n	Числиться на &nbsp;&quot;Фронт Змін&quot;</p>\n'),
(70, 13, 'Asus Z99L', '207299', '2014-06-03', 'Бурмака С.А.', 0, ''),
(71, 13, 'Asus X54C', '207454', '2014-06-03', 'Письменная Н.А.', 0, '<p>\n	ТОВ Зерно-Сервис-Форм</p>\n'),
(72, 14, 'eMachines e727', '210172', '2014-06-03', 'Данчук В.В.', 0, ''),
(73, 14, 'монитор philips 192e1', '210219', '2014-06-03', 'Воищева Л.Б.', 0, ''),
(74, 14, 'Системный блок', '210220', '2014-06-03', 'Воищева Л.Б.', 0, ''),
(75, 14, 'Asus X54C', '210354', '2014-06-03', 'Шпилевая И.И.', 0, ''),
(76, 14, 'Canon LBP 2900', '210355', '2014-06-03', 'Шпилевая И.И', 0, ''),
(77, 15, 'Asus X54C', '211154', '2014-06-04', 'Прищепенко О.Д.', 0, ''),
(78, 15, 'asus X54C', '211254', '2014-06-04', 'Власенко Т.В.', 0, ''),
(79, 15, 'HP 1132', '211255', '2014-06-04', 'Власенко Т.В.', 0, ''),
(80, 15, 'Asus X54C', '211354', '2014-06-04', 'Данилюк Н.М.', 0, ''),
(81, 15, 'HP 1102', '211355', '2014-06-04', 'Данилюк Н.М.', 0, ''),
(82, 15, 'Acer Aspire 5733', '211477', '2014-06-04', 'Федорова И.О.', 0, ''),
(83, 15, 'Epson V33', '211478', '2014-06-04', 'Федорова И.О.', 0, ''),
(84, 15, 'Asus X54C', '211554', '2014-06-04', 'Коляда Т.М.', 0, ''),
(85, 15, 'HP 1010', '211555', '2014-06-04', 'Коляда Т.М.', 0, ''),
(86, 15, 'Asus X54C', '211654', '2014-06-04', 'Степанова Е.С.', 0, ''),
(87, 15, 'Asus X54C', '211754', '2014-06-04', 'Чернышова О.И.', 0, ''),
(88, 15, 'HP 1005', '211755', '2014-06-04', 'Чернышова О.И.', 0, ''),
(89, 16, 'монитор LG 22EN33', '211401', '2014-06-04', 'СБО', 0, ''),
(90, 16, 'Системный Блок', '211402', '2014-06-04', 'СБО', 0, ''),
(91, 16, 'Монитор LG W2346SW', '211405', '2014-06-04', 'СБО', 0, ''),
(92, 16, 'Системный Блок', '211406', '2014-06-04', 'СБО', 0, ''),
(93, 17, 'SamsungS19B150', '301119', '2014-06-12', 'Абрамова Л.А.', 0, ''),
(94, 17, 'Системный Блок', '301120', '2014-06-12', 'Абрамова Л.А.', 0, ''),
(95, 17, 'HP 3050', '301150', '2014-06-12', 'Суховерхова София', 0, ''),
(96, 17, 'LG Flatron W1934S', '301251', '0000-00-00', '', 0, ''),
(97, 17, 'Системный блок', '301252', '2014-06-12', 'Суховерхова София', 0, ''),
(98, 17, 'Acer Aspire 5270', '301353', '2014-06-12', 'Швец Андрей', 0, ''),
(99, 17, 'Epson V33', '301353', '2014-06-12', 'Швец Андрей', 0, ''),
(100, 17, 'LG Flatron L1953S', '301455', '2014-06-12', 'Суховерхова Е.Ю.', 0, ''),
(101, 17, 'Lenovo B570E', '301456', '2014-06-12', 'Суховерхова Е.Ю.', 0, '<p>\n	&nbsp;</p>\n<p>\n	&nbsp;</p>\n'),
(102, 17, 'APC 525', '301457', '2014-06-12', 'Суховерхова Е.Ю.', 0, '<p>\n	Замена Батареи</p>\n'),
(103, 17, 'Asus X501A', '301570', '2014-06-12', 'Киреева Оксана', 0, ''),
(104, 26, 'Acer aspire V-5-531', '311175', '2014-06-12', 'Чирикова В.И.', 0, ''),
(105, 26, 'Epson V33', '311176', '2014-06-12', 'Чирикова В.И.', 0, ''),
(106, 26, 'Asus X502C', '311277', '2014-06-12', 'Куцовская Л.В.', 0, ''),
(107, 18, 'Acer Aspire 5733Z', '302155', '2014-06-12', 'Осадчий Е.Б.', 0, ''),
(108, 18, 'Canon MF3010', '302158', '2014-06-12', 'Осадчий Е.Б.', 0, ''),
(109, 20, 'Asus X55A', '303155', '2014-06-12', 'Потапчук Р.А.', 0, ''),
(110, 20, 'HP 1120', '303156', '2014-06-12', 'Потапчук Р.А.', 0, ''),
(111, 21, 'Dell Inspiron N5110', '304111', '2014-06-12', 'Цыс Н.Ф.', 0, ''),
(112, 21, 'HP G2410', '304112', '2014-06-12', 'Цыс Н.Ф.', 0, ''),
(113, 21, 'HP 3050', '304113', '2014-06-12', 'Цыс Н.Ф.', 0, ''),
(114, 21, 'Asus X55A', '304444', '2014-06-12', 'КлиентБанк', 0, ''),
(115, 21, 'Acer 5733Z', '304235', '2014-06-12', 'Ткаченко Наталья', 0, ''),
(116, 21, 'Asus X54C', '304335', '2014-06-12', 'Караткова Светлана', 0, ''),
(117, 22, 'Acer Aspire V-5-531', '305142', '2014-06-12', 'Русанова Виктория', 0, ''),
(118, 22, 'Canon 3010', '305143', '2014-06-12', 'Русанова Виктория', 0, ''),
(119, 22, 'Asus K50C', '305242', '2014-06-12', 'Шахцуварян Ирина', 0, ''),
(120, 22, 'LG L1742S', '305317', '2014-06-12', 'Коверга Л.И.', 0, ''),
(121, 22, 'Системный блок', '305318', '2014-06-12', 'Коверга Л.И.', 0, ''),
(122, 23, 'Asus X54C', '306154', '2014-06-12', 'Зацеркляная Людмила', 0, ''),
(123, 23, 'HP P1102', '306155', '2014-06-12', 'Зацеркляная Людмила', 0, ''),
(124, 0, 'Acer Aspire 5349', '306249', '2014-06-12', 'Жеменюк Наталья', 0, ''),
(125, 24, 'Acer TravelMate 5760', '308155', '2014-06-12', 'Карпенко Юлия', 0, ''),
(126, 24, 'Acer Aspire 5733Z', '308259', '2014-06-12', 'Ростовцева Е.В.', 0, ''),
(127, 24, 'Canon MF 4018', '308318', '2014-06-12', 'Макарская Н.', 0, ''),
(128, 24, 'Acer TravelMate 5760', '308319', '2014-06-12', 'Макарская Н.', 0, ''),
(129, 24, 'Acer TravelMate 5760', '308425', '2014-06-12', 'Кириченко А.', 0, ''),
(130, 24, 'Dell Inspiron 15z', '308519', '2014-06-12', 'Хвостов С.В.', 0, ''),
(131, 24, 'Acer H226HQL', '308520', '2014-06-12', 'Хвостов С.В,', 0, ''),
(132, 24, 'HP 1018', '308521', '2014-06-12', 'Хвостов С.В,', 0, ''),
(133, 37, 'Asus VH192DE', '309120', '2014-06-12', 'Малышка Л.П.', 0, ''),
(134, 37, 'Acer Aspire V-5-531', '309121', '2014-06-12', 'Малышка Л.П.', 0, ''),
(135, 38, 'Philips 193E', '401193', '2014-06-12', '401', 0, '<p>\n	&nbsp;</p>\n<p>\n	&nbsp;</p>\n'),
(136, 38, 'Системный блок', '401194', '2014-06-12', '', 0, ''),
(137, 38, 'HP 1132', '401195', '2014-06-12', '', 0, ''),
(138, 29, 'Samsung 76E', '401176', '2014-06-12', '??', 0, ''),
(139, 29, 'HP 1300', '401177', '2014-06-12', '???', 0, ''),
(140, 29, 'Системный блок', '401178', '2014-06-12', '???', 0, ''),
(141, 39, 'LG W1943C', '402143', '2014-06-12', 'Цьома С.В.', 0, ''),
(142, 39, 'Системный блок', '402144', '2014-06-12', 'Цьома С.В.', 0, ''),
(143, 39, 'Canon MF4450', '402145', '2014-06-12', 'Цьома С.В.', 0, ''),
(144, 40, 'LS W1943SE', '403143', '2014-06-12', 'Бахтина Виктория', 0, ''),
(145, 40, 'Системный блок', '403144', '2014-06-12', 'Бахтина Виктория', 0, ''),
(146, 40, 'HP 1102', '403145', '2014-06-12', 'Бахтина Виктория', 0, ''),
(147, 40, 'Samsung S19C150N', '403250', '2014-06-12', 'Юлия', 0, ''),
(148, 40, 'Системный блок', '403251', '2014-06-12', 'Юлия', 0, ''),
(149, 29, 'LG L1719S', '404117', '2014-06-12', 'Костогрыз В.В.', 0, ''),
(150, 29, 'Системный блок', '404118', '2014-06-12', 'Костогрыз В.В.', 0, ''),
(151, 29, 'Canon LBP2900', '404119', '2014-06-12', 'Костогрыз В.В.', 0, ''),
(152, 29, 'Philips 192E', '404292', '2014-06-12', '????', 0, ''),
(153, 29, 'Системный блок', '404293', '2014-06-12', '???', 0, ''),
(154, 29, 'Powercome BNT-800AP', '404294', '2014-06-12', '???', 0, ''),
(155, 29, 'Canon MF3010', '404295', '2014-06-12', '???', 0, ''),
(156, 43, 'Samsung E1920', '406120', '2014-06-12', 'Алена', 0, ''),
(157, 43, 'Системный блок', '406121', '2014-06-12', 'Алена', 0, ''),
(158, 43, 'Kyocera 1016MFP', '406122', '2014-06-12', 'Алена', 0, ''),
(159, 43, 'LG 19EN33', '406233', '2014-06-12', 'Билык Ирина', 0, ''),
(160, 43, 'Системный блок', '406234', '2014-06-12', 'Билык Ирина', 0, ''),
(161, 43, 'Dell Vostro 2521', '406321', '2014-06-12', 'Бабиков С.П.', 0, ''),
(162, 44, 'LG W1943SS', '407133', '2014-06-12', 'Лозин А.А.', 0, ''),
(163, 44, 'Системный блок', '407134', '2014-06-12', 'Лозин А.А.', 0, ''),
(164, 44, 'HP 1020', '407135', '2014-06-12', 'Лозин А.А.', 0, ''),
(165, 44, 'Ноутбук с собой', '407278', '2014-06-12', 'Гаврыш В.Г.', 0, ''),
(166, 44, 'LG W1943SS', '407355', '2014-06-12', '???', 0, ''),
(167, 44, 'Системный блок', '407356', '2014-06-12', '???', 0, ''),
(168, 44, 'Samsung 720N', '704520', '2014-06-12', 'Налбадян С.В.', 0, ''),
(169, 44, 'Системный блок', '704521', '2014-06-12', 'Налбадян С.В.', 0, ''),
(170, 44, 'HP 1132', '704522', '2014-06-12', 'Налбадян С.В.', 0, ''),
(171, 33, 'LG L1530S', '408130', '2014-06-12', 'Роман', 0, '<p>\n	Подменник</p>\n'),
(172, 33, 'Системный блок', '408131', '2014-06-12', 'Роман', 0, ''),
(173, 33, 'HP 1005', '408133', '2014-06-12', 'Роман', 0, ''),
(174, 34, 'Ноутбук', '409177', '2014-06-12', 'Никитчук И.И.', 0, ''),
(175, 34, 'ноут ', '409290', '2014-06-12', 'Швец Денис', 0, ''),
(176, 35, 'LG W1943SS', '410133', '2014-06-12', 'Терещенко Елена', 0, ''),
(177, 35, 'Acser Aspire 5733', '410134', '2014-06-12', 'Терещенко Елена', 0, ''),
(178, 35, 'HP 1020', '410124', '2014-06-12', 'Терещенко Елена', 0, ''),
(179, 35, 'Acer Aspire 5733Z', '410255', '2014-06-12', 'Андрей', 0, ''),
(180, 35, 'Acer Aspire 5733Z', '410373', '2014-06-12', 'Тютюнык Роман', 0, ''),
(181, 35, 'Asus X52C', '410452', '2014-06-12', 'Юлия', 0, ''),
(182, 35, 'Acer Aspire 5733Z', '410533', '2014-06-12', 'Терещенко Анна', 0, ''),
(183, 35, 'Acer aspire 5733Z', '410677', '2014-06-12', 'Баровская Анастасия', 0, ''),
(184, 35, 'Canon MF4410', '410678', '2014-06-12', 'Баровская Анастасия', 0, '');

-- --------------------------------------------------------

--
-- Структура таблицы `UserCard`
--

CREATE TABLE IF NOT EXISTS `UserCard` (
  `id` int(10) NOT NULL AUTO_INCREMENT,
  `name` varchar(150) NOT NULL,
  `department` int(10) NOT NULL,
  `cab_id` int(10) NOT NULL,
  PRIMARY KEY (`id`)
) ENGINE=InnoDB DEFAULT CHARSET=utf8 AUTO_INCREMENT=1 ;

-- --------------------------------------------------------

--
-- Структура таблицы `UserDetails`
--

CREATE TABLE IF NOT EXISTS `UserDetails` (
  `id` int(11) NOT NULL AUTO_INCREMENT,
  `name` varchar(150) NOT NULL,
  `b_date` date NOT NULL,
  `u_photo` varchar(150) NOT NULL,
  `email` varchar(150) NOT NULL,
  `password` varchar(255) NOT NULL,
  `phone` varchar(200) NOT NULL,
  `skype` varchar(200) NOT NULL,
  `position` varchar(180) NOT NULL,
  PRIMARY KEY (`id`)
) ENGINE=InnoDB DEFAULT CHARSET=utf8 AUTO_INCREMENT=1 ;

-- --------------------------------------------------------

--
-- Структура таблицы `users`
--

CREATE TABLE IF NOT EXISTS `users` (
  `id` int(11) unsigned NOT NULL AUTO_INCREMENT,
  `ip_address` varchar(15) NOT NULL,
  `username` varchar(100) NOT NULL,
  `password` varchar(255) NOT NULL,
  `salt` varchar(255) DEFAULT NULL,
  `email` varchar(100) NOT NULL,
  `activation_code` varchar(40) DEFAULT NULL,
  `forgotten_password_code` varchar(40) DEFAULT NULL,
  `forgotten_password_time` int(11) unsigned DEFAULT NULL,
  `remember_code` varchar(40) DEFAULT NULL,
  `created_on` int(11) unsigned NOT NULL,
  `last_login` int(11) unsigned DEFAULT NULL,
  `active` tinyint(1) unsigned DEFAULT NULL,
  `first_name` varchar(50) DEFAULT NULL,
  `last_name` varchar(50) DEFAULT NULL,
  `company` varchar(100) DEFAULT NULL,
  `phone` varchar(20) DEFAULT NULL,
  `user_img` varchar(255) NOT NULL,
  `birth_date` date NOT NULL,
  `position` varchar(150) NOT NULL,
  `department` varchar(150) NOT NULL,
  `skype` varchar(50) NOT NULL,
  PRIMARY KEY (`id`)
) ENGINE=InnoDB  DEFAULT CHARSET=utf8 AUTO_INCREMENT=10 ;

--
-- Дамп данных таблицы `users`
--

INSERT INTO `users` (`id`, `ip_address`, `username`, `password`, `salt`, `email`, `activation_code`, `forgotten_password_code`, `forgotten_password_time`, `remember_code`, `created_on`, `last_login`, `active`, `first_name`, `last_name`, `company`, `phone`, `user_img`, `birth_date`, `position`, `department`, `skype`) VALUES
(9, '127.0.0.1', 'valeriy semenov', '$2y$08$eEincdp0KZqJNQhWm8g5N.DlhSmOpIcPMHNVrxUFeoFb4nDpIsGhu', NULL, 'xtc.inside@gmail.com', NULL, NULL, NULL, 'MWrEj52qFt0Fb854rNVzgu', 1403601832, 1410183118, 1, 'Valeriy', 'Semenov', 'Test', '+380997938155', 'dash/img/avatar5.png', '1988-08-19', 'Web-Developer', 'IT-отдел', 'xtc.inside');

-- --------------------------------------------------------

--
-- Структура таблицы `users_groups`
--

CREATE TABLE IF NOT EXISTS `users_groups` (
  `id` int(11) unsigned NOT NULL AUTO_INCREMENT,
  `user_id` int(11) unsigned NOT NULL,
  `group_id` mediumint(8) unsigned NOT NULL,
  PRIMARY KEY (`id`),
  UNIQUE KEY `uc_users_groups` (`user_id`,`group_id`),
  KEY `fk_users_groups_users1_idx` (`user_id`),
  KEY `fk_users_groups_groups1_idx` (`group_id`)
) ENGINE=InnoDB  DEFAULT CHARSET=utf8 AUTO_INCREMENT=10 ;

--
-- Дамп данных таблицы `users_groups`
--

INSERT INTO `users_groups` (`id`, `user_id`, `group_id`) VALUES
(8, 9, 1),
(9, 9, 2);

-- --------------------------------------------------------

--
-- Структура таблицы `virabotka`
--

CREATE TABLE IF NOT EXISTS `virabotka` (
  `id` int(11) NOT NULL AUTO_INCREMENT,
  `fabric_id` int(11) NOT NULL,
  `date` date NOT NULL,
  `old_date` date NOT NULL,
  `work_days` varchar(20) NOT NULL,
  `fact_last` varchar(50) NOT NULL,
  `fact_now` varchar(50) NOT NULL,
  `plan` varchar(50) NOT NULL,
  PRIMARY KEY (`id`)
) ENGINE=InnoDB  DEFAULT CHARSET=utf8 AUTO_INCREMENT=63 ;

--
-- Дамп данных таблицы `virabotka`
--

INSERT INTO `virabotka` (`id`, `fabric_id`, `date`, `old_date`, `work_days`, `fact_last`, `fact_now`, `plan`) VALUES
(1, 1, '2014-07-01', '2013-07-01', '31', '90', '97', '95'),
(2, 1, '2014-07-02', '2013-07-02', '31', '90', '97', '95'),
(3, 1, '2014-07-03', '2013-07-03', '31', '90', '97', '95'),
(4, 1, '2014-07-04', '2013-07-04', '31', '90', '97', '95'),
(5, 1, '2014-07-05', '2013-07-05', '31', '90', '97', '95'),
(6, 1, '2014-07-06', '2013-07-06', '31', '90', '97', '95'),
(7, 1, '2014-07-08', '2013-07-08', '31', '90', '97', '95'),
(8, 1, '2014-07-07', '2013-07-07', '31', '90', '97', '95'),
(9, 1, '2014-07-09', '2013-07-09', '31', '90', '97', '95'),
(10, 1, '2014-07-10', '2013-07-10', '31', '90', '97', '95'),
(11, 1, '2014-07-11', '2013-07-11', '31', '90', '97', '95'),
(12, 1, '2014-07-12', '2013-07-12', '31', '90', '97', '95'),
(13, 1, '2014-07-13', '2013-07-13', '31', '90', '97', '95'),
(14, 1, '2014-07-14', '2013-07-14', '31', '90', '97', '95'),
(15, 1, '2014-07-15', '2013-07-15', '31', '90', '97', '95'),
(16, 1, '2014-07-16', '2013-07-16', '31', '90', '97', '95'),
(17, 1, '2014-07-17', '2013-07-17', '31', '90', '97', '95'),
(18, 1, '2014-07-18', '2013-07-18', '31', '90', '97', '95'),
(19, 1, '2014-07-19', '2013-07-19', '31', '100', '97', '95'),
(20, 1, '2014-07-20', '2013-07-20', '31', '90', '97', '95'),
(21, 1, '2014-07-22', '2013-07-22', '31', '90', '97', '95'),
(22, 1, '2014-07-23', '2013-07-23', '31', '90', '97', '95'),
(23, 1, '2014-07-24', '2013-07-24', '31', '90', '97', '95'),
(24, 1, '2014-07-21', '2013-07-21', '31', '120', '97', '95'),
(25, 1, '2014-07-25', '2013-07-25', '31', '90', '97', '95'),
(26, 1, '2014-07-26', '2013-07-26', '31', '90', '97', '95'),
(27, 1, '2014-07-27', '2013-07-27', '31', '90', '97', '95'),
(28, 1, '2014-07-28', '2013-07-28', '31', '90', '97', '95'),
(29, 1, '2014-07-29', '2013-07-29', '31', '90', '97', '95'),
(30, 1, '2014-07-30', '2013-07-30', '31', '90', '97', '95'),
(31, 1, '2014-07-31', '2013-07-31', '31', '90', '97', '95'),
(32, 2, '2014-07-01', '2013-07-01', '31', '90', '97', '95'),
(33, 2, '2014-07-02', '2013-07-02', '31', '90', '97', '95'),
(34, 2, '2014-07-03', '2013-07-03', '31', '90', '97', '95'),
(35, 2, '2014-07-04', '2013-07-04', '31', '90', '97', '95'),
(36, 2, '2014-07-05', '2013-07-05', '31', '90', '97', '95'),
(37, 2, '2014-07-06', '2013-07-06', '31', '90', '97', '95'),
(38, 2, '2014-07-08', '2013-07-08', '31', '90', '97', '95'),
(39, 2, '2014-07-07', '2013-07-07', '31', '90', '97', '95'),
(40, 2, '2014-07-09', '2013-07-09', '31', '90', '97', '95'),
(41, 2, '2014-07-10', '2013-07-10', '31', '90', '97', '95'),
(42, 2, '2014-07-11', '2013-07-11', '31', '90', '97', '95'),
(43, 2, '2014-07-12', '2013-07-12', '31', '90', '97', '95'),
(44, 2, '2014-07-13', '2013-07-13', '31', '90', '97', '95'),
(45, 2, '2014-07-14', '2013-07-14', '31', '90', '97', '95'),
(46, 2, '2014-07-15', '2013-07-15', '31', '90', '97', '95'),
(47, 2, '2014-07-16', '2013-07-16', '31', '90', '97', '95'),
(48, 2, '2014-07-17', '2013-07-17', '31', '90', '97', '95'),
(49, 2, '2014-07-18', '2013-07-18', '31', '90', '97', '95'),
(50, 2, '2014-07-19', '2013-07-19', '31', '90', '97', '95'),
(51, 2, '2014-07-20', '2013-07-20', '31', '90', '97', '95'),
(52, 2, '2014-07-22', '2013-07-22', '31', '90', '97', '95'),
(53, 2, '2014-07-23', '2013-07-23', '31', '90', '97', '95'),
(54, 2, '2014-07-24', '2013-07-24', '31', '90', '97', '95'),
(55, 2, '2014-07-21', '2013-07-21', '31', '90', '97', '95'),
(56, 2, '2014-07-25', '2013-07-25', '31', '90', '97', '95'),
(57, 2, '2014-07-26', '2013-07-26', '31', '90', '97', '95'),
(58, 2, '2014-07-27', '2013-07-27', '31', '90', '97', '95'),
(59, 2, '2014-07-28', '2013-07-28', '31', '90', '97', '95'),
(60, 2, '2014-07-29', '2013-07-29', '31', '90', '97', '95'),
(61, 2, '2014-07-30', '2013-07-30', '31', '90', '97', '95'),
(62, 2, '2014-07-31', '2013-07-31', '31', '90', '97', '95');

--
-- Ограничения внешнего ключа сохраненных таблиц
--

--
-- Ограничения внешнего ключа таблицы `comments`
--
ALTER TABLE `comments`
  ADD CONSTRAINT `fk_comments_articles` FOREIGN KEY (`article_id`) REFERENCES `articles` (`article_id`) ON DELETE CASCADE ON UPDATE CASCADE;

--
-- Ограничения внешнего ключа таблицы `users_groups`
--
ALTER TABLE `users_groups`
  ADD CONSTRAINT `fk_users_groups_groups1` FOREIGN KEY (`group_id`) REFERENCES `groups` (`id`) ON DELETE CASCADE ON UPDATE NO ACTION,
  ADD CONSTRAINT `fk_users_groups_users1` FOREIGN KEY (`user_id`) REFERENCES `users` (`id`) ON DELETE CASCADE ON UPDATE NO ACTION;

/*!40101 SET CHARACTER_SET_CLIENT=@OLD_CHARACTER_SET_CLIENT */;
/*!40101 SET CHARACTER_SET_RESULTS=@OLD_CHARACTER_SET_RESULTS */;
/*!40101 SET COLLATION_CONNECTION=@OLD_COLLATION_CONNECTION */;
